"Playlist URL","https://www.youtube.com/playlist?list=PL-CtdCApEFH_t5_dtCQZgWJqWF45WRgZw"
"Playlist title","Belajar Go-Lang untuk Pemula"
"Playlist author","Programmer Zaman Now"
"Videos","58"

"Video ID","Title","Channel","Added At","Published At","Thumbnail URL","Description"
"nyGu8Xn5b3g","Belajar Go-Lang - 1 Pengenalan Go Lang","Programmer Zaman Now","2020-07-30","2020-08-07","https://i.ytimg.com/vi/nyGu8Xn5b3g/hqdefault.jpg","Halo semuanya, selamat datang di channel Programmer Zaman Now

Di series kali ini, kita akan belajar bahasa pemrograman Go-Lang dasar untuk pemula. Tutorialnya dibuat sedetail mungkin agar bisa dijadikan bahan referensi lengkap untuk teman-teman belajar Go-Lang

Playlist : https://www.youtube.com/playlist?list=PL-CtdCApEFH_t5_dtCQZgWJqWF45WRgZw

Slide : https://docs.google.com/presentation/d/1QNFV9kjV4TfN-FVFLT6-8Urq2MmadAmgc1puk-YE5Fs/edit?usp=sharing

Source Code : https://github.com/ProgrammerZamanNow/belajar-golang-dasar

#golang #tutorialGolang #golangDasar
-- Let's connect :
Instagram : https://www.instagram.com/programmerzamannow
Telegram : https://t.me/ProgrammerZamanNow
Youtube : https://www.youtube.com/c/ProgrammerZamanNow
Facebook : https://www.facebook.com/khannedy
Twitter : https://twitter.com/khannedy"
"sDHZbPfrNoM","Belajar Go-Lang - 2 Program Hello World","Programmer Zaman Now","2020-07-30","2020-08-08","https://i.ytimg.com/vi/sDHZbPfrNoM/hqdefault.jpg","Halo semuanya, selamat datang di channel Programmer Zaman Now

Di series kali ini, kita akan belajar bahasa pemrograman Go-Lang dasar untuk pemula. Tutorialnya dibuat sedetail mungkin agar bisa dijadikan bahan referensi lengkap untuk teman-teman belajar Go-Lang

Playlist : https://www.youtube.com/playlist?list=PL-CtdCApEFH_t5_dtCQZgWJqWF45WRgZw

Slide : https://docs.google.com/presentation/d/1QNFV9kjV4TfN-FVFLT6-8Urq2MmadAmgc1puk-YE5Fs/edit?usp=sharing

Source Code : https://github.com/ProgrammerZamanNow/belajar-golang-dasar

#golang #tutorialGolang #golangDasar
-- Let's connect :
Instagram : https://www.instagram.com/programmerzamannow
Telegram : https://t.me/ProgrammerZamanNow
Youtube : https://www.youtube.com/c/ProgrammerZamanNow
Facebook : https://www.facebook.com/khannedy
Twitter : https://twitter.com/khannedy"
"eZO2DMQepns","Belajar Go-Lang - 3 Tipe Data Number","Programmer Zaman Now","2020-07-30","2020-08-09","https://i.ytimg.com/vi/eZO2DMQepns/hqdefault.jpg","Halo semuanya, selamat datang di channel Programmer Zaman Now

Di series kali ini, kita akan belajar bahasa pemrograman Go-Lang dasar untuk pemula. Tutorialnya dibuat sedetail mungkin agar bisa dijadikan bahan referensi lengkap untuk teman-teman belajar Go-Lang

Playlist : https://www.youtube.com/playlist?list=PL-CtdCApEFH_t5_dtCQZgWJqWF45WRgZw

Slide : https://docs.google.com/presentation/d/1QNFV9kjV4TfN-FVFLT6-8Urq2MmadAmgc1puk-YE5Fs/edit?usp=sharing

Source Code : https://github.com/ProgrammerZamanNow/belajar-golang-dasar

#golang #tutorialGolang #golangDasar
-- Let's connect :
Instagram : https://www.instagram.com/programmerzamannow
Telegram : https://t.me/ProgrammerZamanNow
Youtube : https://www.youtube.com/c/ProgrammerZamanNow
Facebook : https://www.facebook.com/khannedy
Twitter : https://twitter.com/khannedy"
"RgufJoZ4idA","Belajar Go-Lang - 4 Tipe Data Boolean","Programmer Zaman Now","2020-07-30","2020-08-10","https://i.ytimg.com/vi/RgufJoZ4idA/hqdefault.jpg","Halo semuanya, selamat datang di channel Programmer Zaman Now

Di series kali ini, kita akan belajar bahasa pemrograman Go-Lang dasar untuk pemula. Tutorialnya dibuat sedetail mungkin agar bisa dijadikan bahan referensi lengkap untuk teman-teman belajar Go-Lang

Playlist : https://www.youtube.com/playlist?list=PL-CtdCApEFH_t5_dtCQZgWJqWF45WRgZw

Slide : https://docs.google.com/presentation/d/1QNFV9kjV4TfN-FVFLT6-8Urq2MmadAmgc1puk-YE5Fs/edit?usp=sharing

Source Code : https://github.com/ProgrammerZamanNow/belajar-golang-dasar

#golang #tutorialGolang #golangDasar
-- Let's connect :
Instagram : https://www.instagram.com/programmerzamannow
Telegram : https://t.me/ProgrammerZamanNow
Youtube : https://www.youtube.com/c/ProgrammerZamanNow
Facebook : https://www.facebook.com/khannedy
Twitter : https://twitter.com/khannedy"
"xz-CBXIjfd8","Belajar Go-Lang - 5 Tipe Data String","Programmer Zaman Now","2020-07-30","2020-08-11","https://i.ytimg.com/vi/xz-CBXIjfd8/hqdefault.jpg","Halo semuanya, selamat datang di channel Programmer Zaman Now

Di series kali ini, kita akan belajar bahasa pemrograman Go-Lang dasar untuk pemula. Tutorialnya dibuat sedetail mungkin agar bisa dijadikan bahan referensi lengkap untuk teman-teman belajar Go-Lang

Playlist : https://www.youtube.com/playlist?list=PL-CtdCApEFH_t5_dtCQZgWJqWF45WRgZw

Slide : https://docs.google.com/presentation/d/1QNFV9kjV4TfN-FVFLT6-8Urq2MmadAmgc1puk-YE5Fs/edit?usp=sharing

Source Code : https://github.com/ProgrammerZamanNow/belajar-golang-dasar

#golang #tutorialGolang #golangDasar
-- Let's connect :
Instagram : https://www.instagram.com/programmerzamannow
Telegram : https://t.me/ProgrammerZamanNow
Youtube : https://www.youtube.com/c/ProgrammerZamanNow
Facebook : https://www.facebook.com/khannedy
Twitter : https://twitter.com/khannedy"
"vbTDLECgpZU","Belajar Go-Lang - 6 Variable","Programmer Zaman Now","2020-07-30","2020-08-12","https://i.ytimg.com/vi/vbTDLECgpZU/hqdefault.jpg","Halo semuanya, selamat datang di channel Programmer Zaman Now

Di series kali ini, kita akan belajar bahasa pemrograman Go-Lang dasar untuk pemula. Tutorialnya dibuat sedetail mungkin agar bisa dijadikan bahan referensi lengkap untuk teman-teman belajar Go-Lang

Playlist : https://www.youtube.com/playlist?list=PL-CtdCApEFH_t5_dtCQZgWJqWF45WRgZw

Slide : https://docs.google.com/presentation/d/1QNFV9kjV4TfN-FVFLT6-8Urq2MmadAmgc1puk-YE5Fs/edit?usp=sharing

Source Code : https://github.com/ProgrammerZamanNow/belajar-golang-dasar

#golang #tutorialGolang #golangDasar
-- Let's connect :
Instagram : https://www.instagram.com/programmerzamannow
Telegram : https://t.me/ProgrammerZamanNow
Youtube : https://www.youtube.com/c/ProgrammerZamanNow
Facebook : https://www.facebook.com/khannedy
Twitter : https://twitter.com/khannedy"
"AKrz7Gh3hw4","Belajar Go-Lang - 7 Constant","Programmer Zaman Now","2020-07-30","2020-08-13","https://i.ytimg.com/vi/AKrz7Gh3hw4/hqdefault.jpg","Halo semuanya, selamat datang di channel Programmer Zaman Now

Di series kali ini, kita akan belajar bahasa pemrograman Go-Lang dasar untuk pemula. Tutorialnya dibuat sedetail mungkin agar bisa dijadikan bahan referensi lengkap untuk teman-teman belajar Go-Lang

Playlist : https://www.youtube.com/playlist?list=PL-CtdCApEFH_t5_dtCQZgWJqWF45WRgZw

Slide : https://docs.google.com/presentation/d/1QNFV9kjV4TfN-FVFLT6-8Urq2MmadAmgc1puk-YE5Fs/edit?usp=sharing

Source Code : https://github.com/ProgrammerZamanNow/belajar-golang-dasar

#golang #tutorialGolang #golangDasar
-- Let's connect :
Instagram : https://www.instagram.com/programmerzamannow
Telegram : https://t.me/ProgrammerZamanNow
Youtube : https://www.youtube.com/c/ProgrammerZamanNow
Facebook : https://www.facebook.com/khannedy
Twitter : https://twitter.com/khannedy"
"03f3rCDxhH0","Belajar Go-Lang - 8 Konversi Tipe Data","Programmer Zaman Now","2020-07-30","2020-08-14","https://i.ytimg.com/vi/03f3rCDxhH0/hqdefault.jpg","Halo semuanya, selamat datang di channel Programmer Zaman Now

Di series kali ini, kita akan belajar bahasa pemrograman Go-Lang dasar untuk pemula. Tutorialnya dibuat sedetail mungkin agar bisa dijadikan bahan referensi lengkap untuk teman-teman belajar Go-Lang

Playlist : https://www.youtube.com/playlist?list=PL-CtdCApEFH_t5_dtCQZgWJqWF45WRgZw

Slide : https://docs.google.com/presentation/d/1QNFV9kjV4TfN-FVFLT6-8Urq2MmadAmgc1puk-YE5Fs/edit?usp=sharing

Source Code : https://github.com/ProgrammerZamanNow/belajar-golang-dasar

#golang #tutorialGolang #golangDasar
-- Let's connect :
Instagram : https://www.instagram.com/programmerzamannow
Telegram : https://t.me/ProgrammerZamanNow
Youtube : https://www.youtube.com/c/ProgrammerZamanNow
Facebook : https://www.facebook.com/khannedy
Twitter : https://twitter.com/khannedy"
"qWziDzKgMaw","Belajar Go-Lang - 9 Type Declarations","Programmer Zaman Now","2020-07-30","2020-08-15","https://i.ytimg.com/vi/qWziDzKgMaw/hqdefault.jpg","Halo semuanya, selamat datang di channel Programmer Zaman Now

Di series kali ini, kita akan belajar bahasa pemrograman Go-Lang dasar untuk pemula. Tutorialnya dibuat sedetail mungkin agar bisa dijadikan bahan referensi lengkap untuk teman-teman belajar Go-Lang

Playlist : https://www.youtube.com/playlist?list=PL-CtdCApEFH_t5_dtCQZgWJqWF45WRgZw

Slide : https://docs.google.com/presentation/d/1QNFV9kjV4TfN-FVFLT6-8Urq2MmadAmgc1puk-YE5Fs/edit?usp=sharing

Source Code : https://github.com/ProgrammerZamanNow/belajar-golang-dasar

#golang #tutorialGolang #golangDasar
-- Let's connect :
Instagram : https://www.instagram.com/programmerzamannow
Telegram : https://t.me/ProgrammerZamanNow
Youtube : https://www.youtube.com/c/ProgrammerZamanNow
Facebook : https://www.facebook.com/khannedy
Twitter : https://twitter.com/khannedy"
"8AWTej25f3E","Belajar Go-Lang - 10 Operasi Matematika","Programmer Zaman Now","2020-08-15","2020-08-16","https://i.ytimg.com/vi/8AWTej25f3E/hqdefault.jpg","Halo semuanya, selamat datang di channel Programmer Zaman Now

Di series kali ini, kita akan belajar bahasa pemrograman Go-Lang dasar untuk pemula. Tutorialnya dibuat sedetail mungkin agar bisa dijadikan bahan referensi lengkap untuk teman-teman belajar Go-Lang

Playlist : https://www.youtube.com/playlist?list=PL-CtdCApEFH_t5_dtCQZgWJqWF45WRgZw

Slide : https://docs.google.com/presentation/d/1QNFV9kjV4TfN-FVFLT6-8Urq2MmadAmgc1puk-YE5Fs/edit?usp=sharing

Source Code : https://github.com/ProgrammerZamanNow/belajar-golang-dasar

#golang #tutorialGolang #golangDasar
--- Let's connect :
Instagram : https://www.instagram.com/programmerzamannow
Telegram : https://t.me/ProgrammerZamanNow
Youtube : https://www.youtube.com/c/ProgrammerZamanNow
Facebook : https://www.facebook.com/khannedy
Twitter : https://twitter.com/khannedy"
"svwrChhTkA8","Belajar Go-Lang - 11 Operasi Perbandingan","Programmer Zaman Now","2020-08-15","2020-08-17","https://i.ytimg.com/vi/svwrChhTkA8/hqdefault.jpg","Halo semuanya, selamat datang di channel Programmer Zaman Now

Di series kali ini, kita akan belajar bahasa pemrograman Go-Lang dasar untuk pemula. Tutorialnya dibuat sedetail mungkin agar bisa dijadikan bahan referensi lengkap untuk teman-teman belajar Go-Lang

Playlist : https://www.youtube.com/playlist?list=PL-CtdCApEFH_t5_dtCQZgWJqWF45WRgZw

Slide : https://docs.google.com/presentation/d/1QNFV9kjV4TfN-FVFLT6-8Urq2MmadAmgc1puk-YE5Fs/edit?usp=sharing

Source Code : https://github.com/ProgrammerZamanNow/belajar-golang-dasar

#golang #tutorialGolang #golangDasar
--- Let's connect :
Instagram : https://www.instagram.com/programmerzamannow
Telegram : https://t.me/ProgrammerZamanNow
Youtube : https://www.youtube.com/c/ProgrammerZamanNow
Facebook : https://www.facebook.com/khannedy
Twitter : https://twitter.com/khannedy"
"Jc5m_HRc9tA","Belajar Go-Lang - 12 Operasi Boolean","Programmer Zaman Now","2020-08-15","2020-08-18","https://i.ytimg.com/vi/Jc5m_HRc9tA/hqdefault.jpg","Halo semuanya, selamat datang di channel Programmer Zaman Now

Di series kali ini, kita akan belajar bahasa pemrograman Go-Lang dasar untuk pemula. Tutorialnya dibuat sedetail mungkin agar bisa dijadikan bahan referensi lengkap untuk teman-teman belajar Go-Lang

Playlist : https://www.youtube.com/playlist?list=PL-CtdCApEFH_t5_dtCQZgWJqWF45WRgZw

Slide : https://docs.google.com/presentation/d/1QNFV9kjV4TfN-FVFLT6-8Urq2MmadAmgc1puk-YE5Fs/edit?usp=sharing

Source Code : https://github.com/ProgrammerZamanNow/belajar-golang-dasar

#golang #tutorialGolang #golangDasar
--- Let's connect :
Instagram : https://www.instagram.com/programmerzamannow
Telegram : https://t.me/ProgrammerZamanNow
Youtube : https://www.youtube.com/c/ProgrammerZamanNow
Facebook : https://www.facebook.com/khannedy
Twitter : https://twitter.com/khannedy"
"HK_lBa6iOiU","Belajar Go-Lang - 13 Tipe Data Array","Programmer Zaman Now","2020-08-15","2020-08-19","https://i.ytimg.com/vi/HK_lBa6iOiU/hqdefault.jpg","Halo semuanya, selamat datang di channel Programmer Zaman Now

Di series kali ini, kita akan belajar bahasa pemrograman Go-Lang dasar untuk pemula. Tutorialnya dibuat sedetail mungkin agar bisa dijadikan bahan referensi lengkap untuk teman-teman belajar Go-Lang

Playlist : https://www.youtube.com/playlist?list=PL-CtdCApEFH_t5_dtCQZgWJqWF45WRgZw

Slide : https://docs.google.com/presentation/d/1QNFV9kjV4TfN-FVFLT6-8Urq2MmadAmgc1puk-YE5Fs/edit?usp=sharing

Source Code : https://github.com/ProgrammerZamanNow/belajar-golang-dasar

#golang #tutorialGolang #golangDasar
--- Let's connect :
Instagram : https://www.instagram.com/programmerzamannow
Telegram : https://t.me/ProgrammerZamanNow
Youtube : https://www.youtube.com/c/ProgrammerZamanNow
Facebook : https://www.facebook.com/khannedy
Twitter : https://twitter.com/khannedy"
"ktrz4BCq-jM","Belajar Go-Lang - 14 Tipe Data Slice","Programmer Zaman Now","2020-08-15","2020-08-20","https://i.ytimg.com/vi/ktrz4BCq-jM/hqdefault.jpg","Halo semuanya, selamat datang di channel Programmer Zaman Now

Di series kali ini, kita akan belajar bahasa pemrograman Go-Lang dasar untuk pemula. Tutorialnya dibuat sedetail mungkin agar bisa dijadikan bahan referensi lengkap untuk teman-teman belajar Go-Lang

Playlist : https://www.youtube.com/playlist?list=PL-CtdCApEFH_t5_dtCQZgWJqWF45WRgZw

Slide : https://docs.google.com/presentation/d/1QNFV9kjV4TfN-FVFLT6-8Urq2MmadAmgc1puk-YE5Fs/edit?usp=sharing

Source Code : https://github.com/ProgrammerZamanNow/belajar-golang-dasar

#golang #tutorialGolang #golangDasar
--- Let's connect :
Instagram : https://www.instagram.com/programmerzamannow
Telegram : https://t.me/ProgrammerZamanNow
Youtube : https://www.youtube.com/c/ProgrammerZamanNow
Facebook : https://www.facebook.com/khannedy
Twitter : https://twitter.com/khannedy"
"_4w2QxintH4","Belajar Go-Lang - 15 Tipe Data Map","Programmer Zaman Now","2020-08-15","2020-08-21","https://i.ytimg.com/vi/_4w2QxintH4/hqdefault.jpg","Halo semuanya, selamat datang di channel Programmer Zaman Now

Di series kali ini, kita akan belajar bahasa pemrograman Go-Lang dasar untuk pemula. Tutorialnya dibuat sedetail mungkin agar bisa dijadikan bahan referensi lengkap untuk teman-teman belajar Go-Lang

Playlist : https://www.youtube.com/playlist?list=PL-CtdCApEFH_t5_dtCQZgWJqWF45WRgZw

Slide : https://docs.google.com/presentation/d/1QNFV9kjV4TfN-FVFLT6-8Urq2MmadAmgc1puk-YE5Fs/edit?usp=sharing

Source Code : https://github.com/ProgrammerZamanNow/belajar-golang-dasar

#golang #tutorialGolang #golangDasar
--- Let's connect :
Instagram : https://www.instagram.com/programmerzamannow
Telegram : https://t.me/ProgrammerZamanNow
Youtube : https://www.youtube.com/c/ProgrammerZamanNow
Facebook : https://www.facebook.com/khannedy
Twitter : https://twitter.com/khannedy"
"Y0ZjeA7iYic","Belajar Go-Lang - 16 If Expression","Programmer Zaman Now","2020-08-15","2020-08-22","https://i.ytimg.com/vi/Y0ZjeA7iYic/hqdefault.jpg","Halo semuanya, selamat datang di channel Programmer Zaman Now

Di series kali ini, kita akan belajar bahasa pemrograman Go-Lang dasar untuk pemula. Tutorialnya dibuat sedetail mungkin agar bisa dijadikan bahan referensi lengkap untuk teman-teman belajar Go-Lang

Playlist : https://www.youtube.com/playlist?list=PL-CtdCApEFH_t5_dtCQZgWJqWF45WRgZw

Slide : https://docs.google.com/presentation/d/1QNFV9kjV4TfN-FVFLT6-8Urq2MmadAmgc1puk-YE5Fs/edit?usp=sharing

Source Code : https://github.com/ProgrammerZamanNow/belajar-golang-dasar

#golang #tutorialGolang #golangDasar
--- Let's connect :
Instagram : https://www.instagram.com/programmerzamannow
Telegram : https://t.me/ProgrammerZamanNow
Youtube : https://www.youtube.com/c/ProgrammerZamanNow
Facebook : https://www.facebook.com/khannedy
Twitter : https://twitter.com/khannedy"
"S8EQdhJJwnE","Belajar Go-Lang - 17 Switch Expression","Programmer Zaman Now","2020-08-15","2020-08-23","https://i.ytimg.com/vi/S8EQdhJJwnE/hqdefault.jpg","Halo semuanya, selamat datang di channel Programmer Zaman Now

Di series kali ini, kita akan belajar bahasa pemrograman Go-Lang dasar untuk pemula. Tutorialnya dibuat sedetail mungkin agar bisa dijadikan bahan referensi lengkap untuk teman-teman belajar Go-Lang

Playlist : https://www.youtube.com/playlist?list=PL-CtdCApEFH_t5_dtCQZgWJqWF45WRgZw

Slide : https://docs.google.com/presentation/d/1QNFV9kjV4TfN-FVFLT6-8Urq2MmadAmgc1puk-YE5Fs/edit?usp=sharing

Source Code : https://github.com/ProgrammerZamanNow/belajar-golang-dasar

#golang #tutorialGolang #golangDasar
--- Let's connect :
Instagram : https://www.instagram.com/programmerzamannow
Telegram : https://t.me/ProgrammerZamanNow
Youtube : https://www.youtube.com/c/ProgrammerZamanNow
Facebook : https://www.facebook.com/khannedy
Twitter : https://twitter.com/khannedy"
"6LYLd5UiQdo","Belajar Go-Lang - 18 For Loops","Programmer Zaman Now","2020-08-15","2020-08-24","https://i.ytimg.com/vi/6LYLd5UiQdo/hqdefault.jpg","Halo semuanya, selamat datang di channel Programmer Zaman Now

Di series kali ini, kita akan belajar bahasa pemrograman Go-Lang dasar untuk pemula. Tutorialnya dibuat sedetail mungkin agar bisa dijadikan bahan referensi lengkap untuk teman-teman belajar Go-Lang

Playlist : https://www.youtube.com/playlist?list=PL-CtdCApEFH_t5_dtCQZgWJqWF45WRgZw

Slide : https://docs.google.com/presentation/d/1QNFV9kjV4TfN-FVFLT6-8Urq2MmadAmgc1puk-YE5Fs/edit?usp=sharing

Source Code : https://github.com/ProgrammerZamanNow/belajar-golang-dasar

#golang #tutorialGolang #golangDasar
--- Let's connect :
Instagram : https://www.instagram.com/programmerzamannow
Telegram : https://t.me/ProgrammerZamanNow
Youtube : https://www.youtube.com/c/ProgrammerZamanNow
Facebook : https://www.facebook.com/khannedy
Twitter : https://twitter.com/khannedy"
"xFFM8V37uQg","Belajar Go-Lang - 19 Break & Continue","Programmer Zaman Now","2020-08-15","2020-08-25","https://i.ytimg.com/vi/xFFM8V37uQg/hqdefault.jpg","Halo semuanya, selamat datang di channel Programmer Zaman Now

Di series kali ini, kita akan belajar bahasa pemrograman Go-Lang dasar untuk pemula. Tutorialnya dibuat sedetail mungkin agar bisa dijadikan bahan referensi lengkap untuk teman-teman belajar Go-Lang

Playlist : https://www.youtube.com/playlist?list=PL-CtdCApEFH_t5_dtCQZgWJqWF45WRgZw

Slide : https://docs.google.com/presentation/d/1QNFV9kjV4TfN-FVFLT6-8Urq2MmadAmgc1puk-YE5Fs/edit?usp=sharing

Source Code : https://github.com/ProgrammerZamanNow/belajar-golang-dasar

#golang #tutorialGolang #golangDasar
--- Let's connect :
Instagram : https://www.instagram.com/programmerzamannow
Telegram : https://t.me/ProgrammerZamanNow
Youtube : https://www.youtube.com/c/ProgrammerZamanNow
Facebook : https://www.facebook.com/khannedy
Twitter : https://twitter.com/khannedy"
"FLWVZwLui40","Belajar Go-Lang - 20 Function","Programmer Zaman Now","2020-08-15","2020-08-26","https://i.ytimg.com/vi/FLWVZwLui40/hqdefault.jpg","Halo semuanya, selamat datang di channel Programmer Zaman Now

Di series kali ini, kita akan belajar bahasa pemrograman Go-Lang dasar untuk pemula. Tutorialnya dibuat sedetail mungkin agar bisa dijadikan bahan referensi lengkap untuk teman-teman belajar Go-Lang

Playlist : https://www.youtube.com/playlist?list=PL-CtdCApEFH_t5_dtCQZgWJqWF45WRgZw

Slide : https://docs.google.com/presentation/d/1QNFV9kjV4TfN-FVFLT6-8Urq2MmadAmgc1puk-YE5Fs/edit?usp=sharing

Source Code : https://github.com/ProgrammerZamanNow/belajar-golang-dasar

#golang #tutorialGolang #golangDasar
--- Let's connect :
Instagram : https://www.instagram.com/programmerzamannow
Telegram : https://t.me/ProgrammerZamanNow
Youtube : https://www.youtube.com/c/ProgrammerZamanNow
Facebook : https://www.facebook.com/khannedy
Twitter : https://twitter.com/khannedy"
"hwcTT9NDm-k","Belajar Go-Lang - 21 Function Parameter","Programmer Zaman Now","2020-08-15","2020-08-27","https://i.ytimg.com/vi/hwcTT9NDm-k/hqdefault.jpg","Halo semuanya, selamat datang di channel Programmer Zaman Now

Di series kali ini, kita akan belajar bahasa pemrograman Go-Lang dasar untuk pemula. Tutorialnya dibuat sedetail mungkin agar bisa dijadikan bahan referensi lengkap untuk teman-teman belajar Go-Lang

Playlist : https://www.youtube.com/playlist?list=PL-CtdCApEFH_t5_dtCQZgWJqWF45WRgZw

Slide : https://docs.google.com/presentation/d/1QNFV9kjV4TfN-FVFLT6-8Urq2MmadAmgc1puk-YE5Fs/edit?usp=sharing

Source Code : https://github.com/ProgrammerZamanNow/belajar-golang-dasar

#golang #tutorialGolang #golangDasar
--- Let's connect :
Instagram : https://www.instagram.com/programmerzamannow
Telegram : https://t.me/ProgrammerZamanNow
Youtube : https://www.youtube.com/c/ProgrammerZamanNow
Facebook : https://www.facebook.com/khannedy
Twitter : https://twitter.com/khannedy"
"QfC5DmFhgkA","Belajar Go-Lang - 22 Function Return Value","Programmer Zaman Now","2020-08-15","2020-08-28","https://i.ytimg.com/vi/QfC5DmFhgkA/hqdefault.jpg","Halo semuanya, selamat datang di channel Programmer Zaman Now

Di series kali ini, kita akan belajar bahasa pemrograman Go-Lang dasar untuk pemula. Tutorialnya dibuat sedetail mungkin agar bisa dijadikan bahan referensi lengkap untuk teman-teman belajar Go-Lang

Playlist : https://www.youtube.com/playlist?list=PL-CtdCApEFH_t5_dtCQZgWJqWF45WRgZw

Slide : https://docs.google.com/presentation/d/1QNFV9kjV4TfN-FVFLT6-8Urq2MmadAmgc1puk-YE5Fs/edit?usp=sharing

Source Code : https://github.com/ProgrammerZamanNow/belajar-golang-dasar

#golang #tutorialGolang #golangDasar
--- Let's connect :
Instagram : https://www.instagram.com/programmerzamannow
Telegram : https://t.me/ProgrammerZamanNow
Youtube : https://www.youtube.com/c/ProgrammerZamanNow
Facebook : https://www.facebook.com/khannedy
Twitter : https://twitter.com/khannedy"
"_LsQPjARGI4","Belajar Go-Lang - 23 Returning Multiple Values","Programmer Zaman Now","2020-08-15","2020-08-29","https://i.ytimg.com/vi/_LsQPjARGI4/hqdefault.jpg","Halo semuanya, selamat datang di channel Programmer Zaman Now

Di series kali ini, kita akan belajar bahasa pemrograman Go-Lang dasar untuk pemula. Tutorialnya dibuat sedetail mungkin agar bisa dijadikan bahan referensi lengkap untuk teman-teman belajar Go-Lang

Playlist : https://www.youtube.com/playlist?list=PL-CtdCApEFH_t5_dtCQZgWJqWF45WRgZw

Slide : https://docs.google.com/presentation/d/1QNFV9kjV4TfN-FVFLT6-8Urq2MmadAmgc1puk-YE5Fs/edit?usp=sharing

Source Code : https://github.com/ProgrammerZamanNow/belajar-golang-dasar

#golang #tutorialGolang #golangDasar
--- Let's connect :
Instagram : https://www.instagram.com/programmerzamannow
Telegram : https://t.me/ProgrammerZamanNow
Youtube : https://www.youtube.com/c/ProgrammerZamanNow
Facebook : https://www.facebook.com/khannedy
Twitter : https://twitter.com/khannedy"
"u0CXlyXdFNM","Belajar Go-Lang - 24 Named Return Values","Programmer Zaman Now","2020-08-15","2020-08-30","https://i.ytimg.com/vi/u0CXlyXdFNM/hqdefault.jpg","Halo semuanya, selamat datang di channel Programmer Zaman Now

Di series kali ini, kita akan belajar bahasa pemrograman Go-Lang dasar untuk pemula. Tutorialnya dibuat sedetail mungkin agar bisa dijadikan bahan referensi lengkap untuk teman-teman belajar Go-Lang

Playlist : https://www.youtube.com/playlist?list=PL-CtdCApEFH_t5_dtCQZgWJqWF45WRgZw

Slide : https://docs.google.com/presentation/d/1QNFV9kjV4TfN-FVFLT6-8Urq2MmadAmgc1puk-YE5Fs/edit?usp=sharing

Source Code : https://github.com/ProgrammerZamanNow/belajar-golang-dasar

#golang #tutorialGolang #golangDasar
--- Let's connect :
Instagram : https://www.instagram.com/programmerzamannow
Telegram : https://t.me/ProgrammerZamanNow
Youtube : https://www.youtube.com/c/ProgrammerZamanNow
Facebook : https://www.facebook.com/khannedy
Twitter : https://twitter.com/khannedy"
"JAcip3gzfkI","Belajar Go-Lang - 25 Variadic Function","Programmer Zaman Now","2020-08-15","2020-08-31","https://i.ytimg.com/vi/JAcip3gzfkI/hqdefault.jpg","Halo semuanya, selamat datang di channel Programmer Zaman Now

Di series kali ini, kita akan belajar bahasa pemrograman Go-Lang dasar untuk pemula. Tutorialnya dibuat sedetail mungkin agar bisa dijadikan bahan referensi lengkap untuk teman-teman belajar Go-Lang

Playlist : https://www.youtube.com/playlist?list=PL-CtdCApEFH_t5_dtCQZgWJqWF45WRgZw

Slide : https://docs.google.com/presentation/d/1QNFV9kjV4TfN-FVFLT6-8Urq2MmadAmgc1puk-YE5Fs/edit?usp=sharing

Source Code : https://github.com/ProgrammerZamanNow/belajar-golang-dasar

#golang #tutorialGolang #golangDasar
--- Let's connect :
Instagram : https://www.instagram.com/programmerzamannow
Telegram : https://t.me/ProgrammerZamanNow
Youtube : https://www.youtube.com/c/ProgrammerZamanNow
Facebook : https://www.facebook.com/khannedy
Twitter : https://twitter.com/khannedy"
"WwJuzTkv6ck","Belajar Go-Lang - 26 Function Value","Programmer Zaman Now","2020-08-15","2020-09-01","https://i.ytimg.com/vi/WwJuzTkv6ck/hqdefault.jpg","Halo semuanya, selamat datang di channel Programmer Zaman Now

Di series kali ini, kita akan belajar bahasa pemrograman Go-Lang dasar untuk pemula. Tutorialnya dibuat sedetail mungkin agar bisa dijadikan bahan referensi lengkap untuk teman-teman belajar Go-Lang

Playlist : https://www.youtube.com/playlist?list=PL-CtdCApEFH_t5_dtCQZgWJqWF45WRgZw

Slide : https://docs.google.com/presentation/d/1QNFV9kjV4TfN-FVFLT6-8Urq2MmadAmgc1puk-YE5Fs/edit?usp=sharing

Source Code : https://github.com/ProgrammerZamanNow/belajar-golang-dasar

#golang #tutorialGolang #golangDasar
--- Let's connect :
Instagram : https://www.instagram.com/programmerzamannow
Telegram : https://t.me/ProgrammerZamanNow
Youtube : https://www.youtube.com/c/ProgrammerZamanNow
Facebook : https://www.facebook.com/khannedy
Twitter : https://twitter.com/khannedy"
"U_mwda3Tf_c","Belajar Go-Lang - 27 Function as Parameter","Programmer Zaman Now","2020-08-15","2020-09-02","https://i.ytimg.com/vi/U_mwda3Tf_c/hqdefault.jpg","Halo semuanya, selamat datang di channel Programmer Zaman Now

Di series kali ini, kita akan belajar bahasa pemrograman Go-Lang dasar untuk pemula. Tutorialnya dibuat sedetail mungkin agar bisa dijadikan bahan referensi lengkap untuk teman-teman belajar Go-Lang

Playlist : https://www.youtube.com/playlist?list=PL-CtdCApEFH_t5_dtCQZgWJqWF45WRgZw

Slide : https://docs.google.com/presentation/d/1QNFV9kjV4TfN-FVFLT6-8Urq2MmadAmgc1puk-YE5Fs/edit?usp=sharing

Source Code : https://github.com/ProgrammerZamanNow/belajar-golang-dasar

#golang #tutorialGolang #golangDasar
--- Let's connect :
Instagram : https://www.instagram.com/programmerzamannow
Telegram : https://t.me/ProgrammerZamanNow
Youtube : https://www.youtube.com/c/ProgrammerZamanNow
Facebook : https://www.facebook.com/khannedy
Twitter : https://twitter.com/khannedy"
"b9Mcv02tmQk","Belajar Go-Lang - 28 Anonymous Function","Programmer Zaman Now","2020-08-15","2020-09-03","https://i.ytimg.com/vi/b9Mcv02tmQk/hqdefault.jpg","Halo semuanya, selamat datang di channel Programmer Zaman Now

Di series kali ini, kita akan belajar bahasa pemrograman Go-Lang dasar untuk pemula. Tutorialnya dibuat sedetail mungkin agar bisa dijadikan bahan referensi lengkap untuk teman-teman belajar Go-Lang

Playlist : https://www.youtube.com/playlist?list=PL-CtdCApEFH_t5_dtCQZgWJqWF45WRgZw

Slide : https://docs.google.com/presentation/d/1QNFV9kjV4TfN-FVFLT6-8Urq2MmadAmgc1puk-YE5Fs/edit?usp=sharing

Source Code : https://github.com/ProgrammerZamanNow/belajar-golang-dasar

#golang #tutorialGolang #golangDasar
--- Let's connect :
Instagram : https://www.instagram.com/programmerzamannow
Telegram : https://t.me/ProgrammerZamanNow
Youtube : https://www.youtube.com/c/ProgrammerZamanNow
Facebook : https://www.facebook.com/khannedy
Twitter : https://twitter.com/khannedy"
"KgUidUhp8XQ","Belajar Go-Lang - 29 Recursive Function","Programmer Zaman Now","2020-08-15","2020-09-04","https://i.ytimg.com/vi/KgUidUhp8XQ/hqdefault.jpg","Halo semuanya, selamat datang di channel Programmer Zaman Now

Di series kali ini, kita akan belajar bahasa pemrograman Go-Lang dasar untuk pemula. Tutorialnya dibuat sedetail mungkin agar bisa dijadikan bahan referensi lengkap untuk teman-teman belajar Go-Lang

Playlist : https://www.youtube.com/playlist?list=PL-CtdCApEFH_t5_dtCQZgWJqWF45WRgZw

Slide : https://docs.google.com/presentation/d/1QNFV9kjV4TfN-FVFLT6-8Urq2MmadAmgc1puk-YE5Fs/edit?usp=sharing

Source Code : https://github.com/ProgrammerZamanNow/belajar-golang-dasar

#golang #tutorialGolang #golangDasar
--- Let's connect :
Instagram : https://www.instagram.com/programmerzamannow
Telegram : https://t.me/ProgrammerZamanNow
Youtube : https://www.youtube.com/c/ProgrammerZamanNow
Facebook : https://www.facebook.com/khannedy
Twitter : https://twitter.com/khannedy"
"_DpyFlDXi7I","Belajar Go-Lang - 30 Closure","Programmer Zaman Now","2020-08-15","2020-09-05","https://i.ytimg.com/vi/_DpyFlDXi7I/hqdefault.jpg","Halo semuanya, selamat datang di channel Programmer Zaman Now

Di series kali ini, kita akan belajar bahasa pemrograman Go-Lang dasar untuk pemula. Tutorialnya dibuat sedetail mungkin agar bisa dijadikan bahan referensi lengkap untuk teman-teman belajar Go-Lang

Playlist : https://www.youtube.com/playlist?list=PL-CtdCApEFH_t5_dtCQZgWJqWF45WRgZw

Slide : https://docs.google.com/presentation/d/1QNFV9kjV4TfN-FVFLT6-8Urq2MmadAmgc1puk-YE5Fs/edit?usp=sharing

Source Code : https://github.com/ProgrammerZamanNow/belajar-golang-dasar

#golang #tutorialGolang #golangDasar
--- Let's connect :
Instagram : https://www.instagram.com/programmerzamannow
Telegram : https://t.me/ProgrammerZamanNow
Youtube : https://www.youtube.com/c/ProgrammerZamanNow
Facebook : https://www.facebook.com/khannedy
Twitter : https://twitter.com/khannedy"
"lg3Ke9cFmSE","Belajar Go-Lang - 31 Defer, Panic & Recover","Programmer Zaman Now","2020-08-15","2020-09-06","https://i.ytimg.com/vi/lg3Ke9cFmSE/hqdefault.jpg","Halo semuanya, selamat datang di channel Programmer Zaman Now

Di series kali ini, kita akan belajar bahasa pemrograman Go-Lang dasar untuk pemula. Tutorialnya dibuat sedetail mungkin agar bisa dijadikan bahan referensi lengkap untuk teman-teman belajar Go-Lang

Playlist : https://www.youtube.com/playlist?list=PL-CtdCApEFH_t5_dtCQZgWJqWF45WRgZw

Slide : https://docs.google.com/presentation/d/1QNFV9kjV4TfN-FVFLT6-8Urq2MmadAmgc1puk-YE5Fs/edit?usp=sharing

Source Code : https://github.com/ProgrammerZamanNow/belajar-golang-dasar

#golang #tutorialGolang #golangDasar
--- Let's connect :
Instagram : https://www.instagram.com/programmerzamannow
Telegram : https://t.me/ProgrammerZamanNow
Youtube : https://www.youtube.com/c/ProgrammerZamanNow
Facebook : https://www.facebook.com/khannedy
Twitter : https://twitter.com/khannedy"
"SWR0H44jb9I","Belajar Go-Lang - 32 Komentar","Programmer Zaman Now","2020-08-15","2020-09-07","https://i.ytimg.com/vi/SWR0H44jb9I/hqdefault.jpg","Halo semuanya, selamat datang di channel Programmer Zaman Now

Di series kali ini, kita akan belajar bahasa pemrograman Go-Lang dasar untuk pemula. Tutorialnya dibuat sedetail mungkin agar bisa dijadikan bahan referensi lengkap untuk teman-teman belajar Go-Lang

Playlist : https://www.youtube.com/playlist?list=PL-CtdCApEFH_t5_dtCQZgWJqWF45WRgZw

Slide : https://docs.google.com/presentation/d/1QNFV9kjV4TfN-FVFLT6-8Urq2MmadAmgc1puk-YE5Fs/edit?usp=sharing

Source Code : https://github.com/ProgrammerZamanNow/belajar-golang-dasar

#golang #tutorialGolang #golangDasar
--- Let's connect :
Instagram : https://www.instagram.com/programmerzamannow
Telegram : https://t.me/ProgrammerZamanNow
Youtube : https://www.youtube.com/c/ProgrammerZamanNow
Facebook : https://www.facebook.com/khannedy
Twitter : https://twitter.com/khannedy"
"4A6-RUX94e4","Belajar Go-Lang - 33 Struct","Programmer Zaman Now","2020-08-15","2020-09-08","https://i.ytimg.com/vi/4A6-RUX94e4/hqdefault.jpg","Halo semuanya, selamat datang di channel Programmer Zaman Now

Di series kali ini, kita akan belajar bahasa pemrograman Go-Lang dasar untuk pemula. Tutorialnya dibuat sedetail mungkin agar bisa dijadikan bahan referensi lengkap untuk teman-teman belajar Go-Lang

Playlist : https://www.youtube.com/playlist?list=PL-CtdCApEFH_t5_dtCQZgWJqWF45WRgZw

Slide : https://docs.google.com/presentation/d/1QNFV9kjV4TfN-FVFLT6-8Urq2MmadAmgc1puk-YE5Fs/edit?usp=sharing

Source Code : https://github.com/ProgrammerZamanNow/belajar-golang-dasar

#golang #tutorialGolang #golangDasar
--- Let's connect :
Instagram : https://www.instagram.com/programmerzamannow
Telegram : https://t.me/ProgrammerZamanNow
Youtube : https://www.youtube.com/c/ProgrammerZamanNow
Facebook : https://www.facebook.com/khannedy
Twitter : https://twitter.com/khannedy"
"vCmnKHIok7E","Belajar Go-Lang - 34 Struct Method","Programmer Zaman Now","2020-08-15","2020-09-09","https://i.ytimg.com/vi/vCmnKHIok7E/hqdefault.jpg","Halo semuanya, selamat datang di channel Programmer Zaman Now

Di series kali ini, kita akan belajar bahasa pemrograman Go-Lang dasar untuk pemula. Tutorialnya dibuat sedetail mungkin agar bisa dijadikan bahan referensi lengkap untuk teman-teman belajar Go-Lang

Playlist : https://www.youtube.com/playlist?list=PL-CtdCApEFH_t5_dtCQZgWJqWF45WRgZw

Slide : https://docs.google.com/presentation/d/1QNFV9kjV4TfN-FVFLT6-8Urq2MmadAmgc1puk-YE5Fs/edit?usp=sharing

Source Code : https://github.com/ProgrammerZamanNow/belajar-golang-dasar

#golang #tutorialGolang #golangDasar
--- Let's connect :
Instagram : https://www.instagram.com/programmerzamannow
Telegram : https://t.me/ProgrammerZamanNow
Youtube : https://www.youtube.com/c/ProgrammerZamanNow
Facebook : https://www.facebook.com/khannedy
Twitter : https://twitter.com/khannedy"
"ZC5D6CAKX7U","Belajar Go-Lang - 35 Interface","Programmer Zaman Now","2020-08-15","2020-09-10","https://i.ytimg.com/vi/ZC5D6CAKX7U/hqdefault.jpg","Halo semuanya, selamat datang di channel Programmer Zaman Now

Di series kali ini, kita akan belajar bahasa pemrograman Go-Lang dasar untuk pemula. Tutorialnya dibuat sedetail mungkin agar bisa dijadikan bahan referensi lengkap untuk teman-teman belajar Go-Lang

Playlist : https://www.youtube.com/playlist?list=PL-CtdCApEFH_t5_dtCQZgWJqWF45WRgZw

Slide : https://docs.google.com/presentation/d/1QNFV9kjV4TfN-FVFLT6-8Urq2MmadAmgc1puk-YE5Fs/edit?usp=sharing

Source Code : https://github.com/ProgrammerZamanNow/belajar-golang-dasar

#golang #tutorialGolang #golangDasar
--- Let's connect :
Instagram : https://www.instagram.com/programmerzamannow
Telegram : https://t.me/ProgrammerZamanNow
Youtube : https://www.youtube.com/c/ProgrammerZamanNow
Facebook : https://www.facebook.com/khannedy
Twitter : https://twitter.com/khannedy"
"-YOAS_Suz_w","Belajar Go-Lang - 36 Interface Kosong","Programmer Zaman Now","2020-08-15","2020-09-11","https://i.ytimg.com/vi/-YOAS_Suz_w/hqdefault.jpg","Halo semuanya, selamat datang di channel Programmer Zaman Now

Di series kali ini, kita akan belajar bahasa pemrograman Go-Lang dasar untuk pemula. Tutorialnya dibuat sedetail mungkin agar bisa dijadikan bahan referensi lengkap untuk teman-teman belajar Go-Lang

Playlist : https://www.youtube.com/playlist?list=PL-CtdCApEFH_t5_dtCQZgWJqWF45WRgZw

Slide : https://docs.google.com/presentation/d/1QNFV9kjV4TfN-FVFLT6-8Urq2MmadAmgc1puk-YE5Fs/edit?usp=sharing

Source Code : https://github.com/ProgrammerZamanNow/belajar-golang-dasar

#golang #tutorialGolang #golangDasar
--- Let's connect :
Instagram : https://www.instagram.com/programmerzamannow
Telegram : https://t.me/ProgrammerZamanNow
Youtube : https://www.youtube.com/c/ProgrammerZamanNow
Facebook : https://www.facebook.com/khannedy
Twitter : https://twitter.com/khannedy"
"UnhPMe9G9o4","Belajar Go-Lang - 37 Nil","Programmer Zaman Now","2020-08-15","2020-09-12","https://i.ytimg.com/vi/UnhPMe9G9o4/hqdefault.jpg","Halo semuanya, selamat datang di channel Programmer Zaman Now

Di series kali ini, kita akan belajar bahasa pemrograman Go-Lang dasar untuk pemula. Tutorialnya dibuat sedetail mungkin agar bisa dijadikan bahan referensi lengkap untuk teman-teman belajar Go-Lang

Playlist : https://www.youtube.com/playlist?list=PL-CtdCApEFH_t5_dtCQZgWJqWF45WRgZw

Slide : https://docs.google.com/presentation/d/1QNFV9kjV4TfN-FVFLT6-8Urq2MmadAmgc1puk-YE5Fs/edit?usp=sharing

Source Code : https://github.com/ProgrammerZamanNow/belajar-golang-dasar

#golang #tutorialGolang #golangDasar
--- Let's connect :
Instagram : https://www.instagram.com/programmerzamannow
Telegram : https://t.me/ProgrammerZamanNow
Youtube : https://www.youtube.com/c/ProgrammerZamanNow
Facebook : https://www.facebook.com/khannedy
Twitter : https://twitter.com/khannedy"
"REJkeC6MK4o","Belajar Go-Lang - 38 error Interface","Programmer Zaman Now","2020-08-15","2020-09-13","https://i.ytimg.com/vi/REJkeC6MK4o/hqdefault.jpg","Halo semuanya, selamat datang di channel Programmer Zaman Now

Di series kali ini, kita akan belajar bahasa pemrograman Go-Lang dasar untuk pemula. Tutorialnya dibuat sedetail mungkin agar bisa dijadikan bahan referensi lengkap untuk teman-teman belajar Go-Lang

Playlist : https://www.youtube.com/playlist?list=PL-CtdCApEFH_t5_dtCQZgWJqWF45WRgZw

Slide : https://docs.google.com/presentation/d/1QNFV9kjV4TfN-FVFLT6-8Urq2MmadAmgc1puk-YE5Fs/edit?usp=sharing

Source Code : https://github.com/ProgrammerZamanNow/belajar-golang-dasar

#golang #tutorialGolang #golangDasar
--- Let's connect :
Instagram : https://www.instagram.com/programmerzamannow
Telegram : https://t.me/ProgrammerZamanNow
Youtube : https://www.youtube.com/c/ProgrammerZamanNow
Facebook : https://www.facebook.com/khannedy
Twitter : https://twitter.com/khannedy"
"VB0DprmixqM","Belajar Go-Lang - 39 Type Assertions","Programmer Zaman Now","2020-08-15","2020-09-14","https://i.ytimg.com/vi/VB0DprmixqM/hqdefault.jpg","Halo semuanya, selamat datang di channel Programmer Zaman Now

Di series kali ini, kita akan belajar bahasa pemrograman Go-Lang dasar untuk pemula. Tutorialnya dibuat sedetail mungkin agar bisa dijadikan bahan referensi lengkap untuk teman-teman belajar Go-Lang

Playlist : https://www.youtube.com/playlist?list=PL-CtdCApEFH_t5_dtCQZgWJqWF45WRgZw

Slide : https://docs.google.com/presentation/d/1QNFV9kjV4TfN-FVFLT6-8Urq2MmadAmgc1puk-YE5Fs/edit?usp=sharing

Source Code : https://github.com/ProgrammerZamanNow/belajar-golang-dasar

#golang #tutorialGolang #golangDasar
--- Let's connect :
Instagram : https://www.instagram.com/programmerzamannow
Telegram : https://t.me/ProgrammerZamanNow
Youtube : https://www.youtube.com/c/ProgrammerZamanNow
Facebook : https://www.facebook.com/khannedy
Twitter : https://twitter.com/khannedy"
"uhF5MVmYwA4","Belajar Go-Lang - 40 Pointer","Programmer Zaman Now","2020-08-15","2020-09-15","https://i.ytimg.com/vi/uhF5MVmYwA4/hqdefault.jpg","Halo semuanya, selamat datang di channel Programmer Zaman Now

Di series kali ini, kita akan belajar bahasa pemrograman Go-Lang dasar untuk pemula. Tutorialnya dibuat sedetail mungkin agar bisa dijadikan bahan referensi lengkap untuk teman-teman belajar Go-Lang

Playlist : https://www.youtube.com/playlist?list=PL-CtdCApEFH_t5_dtCQZgWJqWF45WRgZw

Slide : https://docs.google.com/presentation/d/1QNFV9kjV4TfN-FVFLT6-8Urq2MmadAmgc1puk-YE5Fs/edit?usp=sharing

Source Code : https://github.com/ProgrammerZamanNow/belajar-golang-dasar

#golang #tutorialGolang #golangDasar
--- Let's connect :
Instagram : https://www.instagram.com/programmerzamannow
Telegram : https://t.me/ProgrammerZamanNow
Youtube : https://www.youtube.com/c/ProgrammerZamanNow
Facebook : https://www.facebook.com/khannedy
Twitter : https://twitter.com/khannedy"
"13skDy7BQyU","Belajar Go-Lang - 41 Pointer di Function","Programmer Zaman Now","2020-08-15","2020-09-16","https://i.ytimg.com/vi/13skDy7BQyU/hqdefault.jpg","Halo semuanya, selamat datang di channel Programmer Zaman Now

Di series kali ini, kita akan belajar bahasa pemrograman Go-Lang dasar untuk pemula. Tutorialnya dibuat sedetail mungkin agar bisa dijadikan bahan referensi lengkap untuk teman-teman belajar Go-Lang

Playlist : https://www.youtube.com/playlist?list=PL-CtdCApEFH_t5_dtCQZgWJqWF45WRgZw

Slide : https://docs.google.com/presentation/d/1QNFV9kjV4TfN-FVFLT6-8Urq2MmadAmgc1puk-YE5Fs/edit?usp=sharing

Source Code : https://github.com/ProgrammerZamanNow/belajar-golang-dasar

#golang #tutorialGolang #golangDasar
--- Let's connect :
Instagram : https://www.instagram.com/programmerzamannow
Telegram : https://t.me/ProgrammerZamanNow
Youtube : https://www.youtube.com/c/ProgrammerZamanNow
Facebook : https://www.facebook.com/khannedy
Twitter : https://twitter.com/khannedy"
"PwnrbJzEoEw","Belajar Go-Lang - 42 Pointer di Method","Programmer Zaman Now","2020-08-15","2020-09-17","https://i.ytimg.com/vi/PwnrbJzEoEw/hqdefault.jpg","Halo semuanya, selamat datang di channel Programmer Zaman Now

Di series kali ini, kita akan belajar bahasa pemrograman Go-Lang dasar untuk pemula. Tutorialnya dibuat sedetail mungkin agar bisa dijadikan bahan referensi lengkap untuk teman-teman belajar Go-Lang

Playlist : https://www.youtube.com/playlist?list=PL-CtdCApEFH_t5_dtCQZgWJqWF45WRgZw

Slide : https://docs.google.com/presentation/d/1QNFV9kjV4TfN-FVFLT6-8Urq2MmadAmgc1puk-YE5Fs/edit?usp=sharing

Source Code : https://github.com/ProgrammerZamanNow/belajar-golang-dasar

#golang #tutorialGolang #golangDasar
--- Let's connect :
Instagram : https://www.instagram.com/programmerzamannow
Telegram : https://t.me/ProgrammerZamanNow
Youtube : https://www.youtube.com/c/ProgrammerZamanNow
Facebook : https://www.facebook.com/khannedy
Twitter : https://twitter.com/khannedy"
"eJVq-idZDMo","Belajar Go-Lang - 43 GOPATH","Programmer Zaman Now","2020-08-15","2020-09-18","https://i.ytimg.com/vi/eJVq-idZDMo/hqdefault.jpg","Halo semuanya, selamat datang di channel Programmer Zaman Now

Di series kali ini, kita akan belajar bahasa pemrograman Go-Lang dasar untuk pemula. Tutorialnya dibuat sedetail mungkin agar bisa dijadikan bahan referensi lengkap untuk teman-teman belajar Go-Lang

Playlist : https://www.youtube.com/playlist?list=PL-CtdCApEFH_t5_dtCQZgWJqWF45WRgZw

Slide : https://docs.google.com/presentation/d/1QNFV9kjV4TfN-FVFLT6-8Urq2MmadAmgc1puk-YE5Fs/edit?usp=sharing

Source Code : https://github.com/ProgrammerZamanNow/belajar-golang-dasar

#golang #tutorialGolang #golangDasar
--- Let's connect :
Instagram : https://www.instagram.com/programmerzamannow
Telegram : https://t.me/ProgrammerZamanNow
Youtube : https://www.youtube.com/c/ProgrammerZamanNow
Facebook : https://www.facebook.com/khannedy
Twitter : https://twitter.com/khannedy"
"m_fGFXGnbv0","Belajar Go-Lang - 44 Package & Import","Programmer Zaman Now","2020-08-15","2020-09-19","https://i.ytimg.com/vi/m_fGFXGnbv0/hqdefault.jpg","Halo semuanya, selamat datang di channel Programmer Zaman Now

Di series kali ini, kita akan belajar bahasa pemrograman Go-Lang dasar untuk pemula. Tutorialnya dibuat sedetail mungkin agar bisa dijadikan bahan referensi lengkap untuk teman-teman belajar Go-Lang

Playlist : https://www.youtube.com/playlist?list=PL-CtdCApEFH_t5_dtCQZgWJqWF45WRgZw

Slide : https://docs.google.com/presentation/d/1QNFV9kjV4TfN-FVFLT6-8Urq2MmadAmgc1puk-YE5Fs/edit?usp=sharing

Source Code : https://github.com/ProgrammerZamanNow/belajar-golang-dasar

#golang #tutorialGolang #golangDasar
--- Let's connect :
Instagram : https://www.instagram.com/programmerzamannow
Telegram : https://t.me/ProgrammerZamanNow
Youtube : https://www.youtube.com/c/ProgrammerZamanNow
Facebook : https://www.facebook.com/khannedy
Twitter : https://twitter.com/khannedy"
"usKtv5KdBrg","Belajar Go-Lang - 45 Access Modifier","Programmer Zaman Now","2020-08-15","2020-09-20","https://i.ytimg.com/vi/usKtv5KdBrg/hqdefault.jpg","Halo semuanya, selamat datang di channel Programmer Zaman Now

Di series kali ini, kita akan belajar bahasa pemrograman Go-Lang dasar untuk pemula. Tutorialnya dibuat sedetail mungkin agar bisa dijadikan bahan referensi lengkap untuk teman-teman belajar Go-Lang

Playlist : https://www.youtube.com/playlist?list=PL-CtdCApEFH_t5_dtCQZgWJqWF45WRgZw

Slide : https://docs.google.com/presentation/d/1QNFV9kjV4TfN-FVFLT6-8Urq2MmadAmgc1puk-YE5Fs/edit?usp=sharing

Source Code : https://github.com/ProgrammerZamanNow/belajar-golang-dasar

#golang #tutorialGolang #golangDasar
--- Let's connect :
Instagram : https://www.instagram.com/programmerzamannow
Telegram : https://t.me/ProgrammerZamanNow
Youtube : https://www.youtube.com/c/ProgrammerZamanNow
Facebook : https://www.facebook.com/khannedy
Twitter : https://twitter.com/khannedy"
"J3zI9VEyK60","Belajar Go-Lang - 46 Package Initialization","Programmer Zaman Now","2020-08-15","2020-09-21","https://i.ytimg.com/vi/J3zI9VEyK60/hqdefault.jpg","Halo semuanya, selamat datang di channel Programmer Zaman Now

Di series kali ini, kita akan belajar bahasa pemrograman Go-Lang dasar untuk pemula. Tutorialnya dibuat sedetail mungkin agar bisa dijadikan bahan referensi lengkap untuk teman-teman belajar Go-Lang

Playlist : https://www.youtube.com/playlist?list=PL-CtdCApEFH_t5_dtCQZgWJqWF45WRgZw

Slide : https://docs.google.com/presentation/d/1QNFV9kjV4TfN-FVFLT6-8Urq2MmadAmgc1puk-YE5Fs/edit?usp=sharing

Source Code : https://github.com/ProgrammerZamanNow/belajar-golang-dasar

#golang #tutorialGolang #golangDasar
--- Let's connect :
Instagram : https://www.instagram.com/programmerzamannow
Telegram : https://t.me/ProgrammerZamanNow
Youtube : https://www.youtube.com/c/ProgrammerZamanNow
Facebook : https://www.facebook.com/khannedy
Twitter : https://twitter.com/khannedy"
"L-9zN6Nl3KU","Belajar Go-Lang - 47 Package os","Programmer Zaman Now","2020-08-28","2020-09-22","https://i.ytimg.com/vi/L-9zN6Nl3KU/hqdefault.jpg","Halo semuanya, selamat datang di channel Programmer Zaman Now

Di series kali ini, kita akan belajar bahasa pemrograman Go-Lang dasar untuk pemula. Tutorialnya dibuat sedetail mungkin agar bisa dijadikan bahan referensi lengkap untuk teman-teman belajar Go-Lang

Playlist : https://www.youtube.com/playlist?list=PL-CtdCApEFH_t5_dtCQZgWJqWF45WRgZw

Slide : https://docs.google.com/presentation/d/1QNFV9kjV4TfN-FVFLT6-8Urq2MmadAmgc1puk-YE5Fs/edit?usp=sharing

Source Code : https://github.com/ProgrammerZamanNow/belajar-golang-dasar

#golang #tutorialGolang #golangDasar
--- Let's connect :
Instagram : https://www.instagram.com/programmerzamannow
Telegram : https://t.me/ProgrammerZamanNow
Youtube : https://www.youtube.com/c/ProgrammerZamanNow
Facebook : https://www.facebook.com/khannedy
Twitter : https://twitter.com/khannedy"
"7dsqPlAqaLM","Belajar Go-Lang - 48 Package flag","Programmer Zaman Now","2020-08-28","2020-09-23","https://i.ytimg.com/vi/7dsqPlAqaLM/hqdefault.jpg","Halo semuanya, selamat datang di channel Programmer Zaman Now

Di series kali ini, kita akan belajar bahasa pemrograman Go-Lang dasar untuk pemula. Tutorialnya dibuat sedetail mungkin agar bisa dijadikan bahan referensi lengkap untuk teman-teman belajar Go-Lang

Playlist : https://www.youtube.com/playlist?list=PL-CtdCApEFH_t5_dtCQZgWJqWF45WRgZw

Slide : https://docs.google.com/presentation/d/1QNFV9kjV4TfN-FVFLT6-8Urq2MmadAmgc1puk-YE5Fs/edit?usp=sharing

Source Code : https://github.com/ProgrammerZamanNow/belajar-golang-dasar

#golang #tutorialGolang #golangDasar
--- Let's connect :
Instagram : https://www.instagram.com/programmerzamannow
Telegram : https://t.me/ProgrammerZamanNow
Youtube : https://www.youtube.com/c/ProgrammerZamanNow
Facebook : https://www.facebook.com/khannedy
Twitter : https://twitter.com/khannedy"
"a3ShRKaGcvw","Belajar Go-Lang - 49 Package strings","Programmer Zaman Now","2020-08-28","2020-09-24","https://i.ytimg.com/vi/a3ShRKaGcvw/hqdefault.jpg","Halo semuanya, selamat datang di channel Programmer Zaman Now

Di series kali ini, kita akan belajar bahasa pemrograman Go-Lang dasar untuk pemula. Tutorialnya dibuat sedetail mungkin agar bisa dijadikan bahan referensi lengkap untuk teman-teman belajar Go-Lang

Playlist : https://www.youtube.com/playlist?list=PL-CtdCApEFH_t5_dtCQZgWJqWF45WRgZw

Slide : https://docs.google.com/presentation/d/1QNFV9kjV4TfN-FVFLT6-8Urq2MmadAmgc1puk-YE5Fs/edit?usp=sharing

Source Code : https://github.com/ProgrammerZamanNow/belajar-golang-dasar

#golang #tutorialGolang #golangDasar
--- Let's connect :
Instagram : https://www.instagram.com/programmerzamannow
Telegram : https://t.me/ProgrammerZamanNow
Youtube : https://www.youtube.com/c/ProgrammerZamanNow
Facebook : https://www.facebook.com/khannedy
Twitter : https://twitter.com/khannedy"
"pwliUJLOmpI","Belajar Go-Lang - 50 Package strconv","Programmer Zaman Now","2020-08-28","2020-09-25","https://i.ytimg.com/vi/pwliUJLOmpI/hqdefault.jpg","Halo semuanya, selamat datang di channel Programmer Zaman Now

Di series kali ini, kita akan belajar bahasa pemrograman Go-Lang dasar untuk pemula. Tutorialnya dibuat sedetail mungkin agar bisa dijadikan bahan referensi lengkap untuk teman-teman belajar Go-Lang

Playlist : https://www.youtube.com/playlist?list=PL-CtdCApEFH_t5_dtCQZgWJqWF45WRgZw

Slide : https://docs.google.com/presentation/d/1QNFV9kjV4TfN-FVFLT6-8Urq2MmadAmgc1puk-YE5Fs/edit?usp=sharing

Source Code : https://github.com/ProgrammerZamanNow/belajar-golang-dasar

#golang #tutorialGolang #golangDasar
--- Let's connect :
Instagram : https://www.instagram.com/programmerzamannow
Telegram : https://t.me/ProgrammerZamanNow
Youtube : https://www.youtube.com/c/ProgrammerZamanNow
Facebook : https://www.facebook.com/khannedy
Twitter : https://twitter.com/khannedy"
"acie2heAB_A","Belajar Go-Lang - 51 Package math","Programmer Zaman Now","2020-08-28","2020-09-26","https://i.ytimg.com/vi/acie2heAB_A/hqdefault.jpg","Halo semuanya, selamat datang di channel Programmer Zaman Now

Di series kali ini, kita akan belajar bahasa pemrograman Go-Lang dasar untuk pemula. Tutorialnya dibuat sedetail mungkin agar bisa dijadikan bahan referensi lengkap untuk teman-teman belajar Go-Lang

Playlist : https://www.youtube.com/playlist?list=PL-CtdCApEFH_t5_dtCQZgWJqWF45WRgZw

Slide : https://docs.google.com/presentation/d/1QNFV9kjV4TfN-FVFLT6-8Urq2MmadAmgc1puk-YE5Fs/edit?usp=sharing

Source Code : https://github.com/ProgrammerZamanNow/belajar-golang-dasar

#golang #tutorialGolang #golangDasar
--- Let's connect :
Instagram : https://www.instagram.com/programmerzamannow
Telegram : https://t.me/ProgrammerZamanNow
Youtube : https://www.youtube.com/c/ProgrammerZamanNow
Facebook : https://www.facebook.com/khannedy
Twitter : https://twitter.com/khannedy"
"G1ubCT4Rwyw","Belajar Go-Lang - 52 Package container/list","Programmer Zaman Now","2020-08-28","2020-09-27","https://i.ytimg.com/vi/G1ubCT4Rwyw/hqdefault.jpg","Halo semuanya, selamat datang di channel Programmer Zaman Now

Di series kali ini, kita akan belajar bahasa pemrograman Go-Lang dasar untuk pemula. Tutorialnya dibuat sedetail mungkin agar bisa dijadikan bahan referensi lengkap untuk teman-teman belajar Go-Lang

Playlist : https://www.youtube.com/playlist?list=PL-CtdCApEFH_t5_dtCQZgWJqWF45WRgZw

Slide : https://docs.google.com/presentation/d/1QNFV9kjV4TfN-FVFLT6-8Urq2MmadAmgc1puk-YE5Fs/edit?usp=sharing

Source Code : https://github.com/ProgrammerZamanNow/belajar-golang-dasar

#golang #tutorialGolang #golangDasar
--- Let's connect :
Instagram : https://www.instagram.com/programmerzamannow
Telegram : https://t.me/ProgrammerZamanNow
Youtube : https://www.youtube.com/c/ProgrammerZamanNow
Facebook : https://www.facebook.com/khannedy
Twitter : https://twitter.com/khannedy"
"D74uMHZY9Ks","Belajar Go-Lang - 53 Package container/ring","Programmer Zaman Now","2020-08-28","2020-09-28","https://i.ytimg.com/vi/D74uMHZY9Ks/hqdefault.jpg","Halo semuanya, selamat datang di channel Programmer Zaman Now

Di series kali ini, kita akan belajar bahasa pemrograman Go-Lang dasar untuk pemula. Tutorialnya dibuat sedetail mungkin agar bisa dijadikan bahan referensi lengkap untuk teman-teman belajar Go-Lang

Playlist : https://www.youtube.com/playlist?list=PL-CtdCApEFH_t5_dtCQZgWJqWF45WRgZw

Slide : https://docs.google.com/presentation/d/1QNFV9kjV4TfN-FVFLT6-8Urq2MmadAmgc1puk-YE5Fs/edit?usp=sharing

Source Code : https://github.com/ProgrammerZamanNow/belajar-golang-dasar

#golang #tutorialGolang #golangDasar
---
Let's connect :
Instagram : https://www.instagram.com/programmerzamannow
Telegram : https://t.me/ProgrammerZamanNow
Youtube : https://www.youtube.com/c/ProgrammerZamanNow
Facebook : https://www.facebook.com/khannedy
Twitter : https://twitter.com/khannedy"
"1DOJ1vxueec","Belajar Go-Lang - 54 Package sort","Programmer Zaman Now","2020-08-28","2020-09-29","https://i.ytimg.com/vi/1DOJ1vxueec/hqdefault.jpg","Halo semuanya, selamat datang di channel Programmer Zaman Now

Di series kali ini, kita akan belajar bahasa pemrograman Go-Lang dasar untuk pemula. Tutorialnya dibuat sedetail mungkin agar bisa dijadikan bahan referensi lengkap untuk teman-teman belajar Go-Lang

Playlist : https://www.youtube.com/playlist?list=PL-CtdCApEFH_t5_dtCQZgWJqWF45WRgZw

Slide : https://docs.google.com/presentation/d/1QNFV9kjV4TfN-FVFLT6-8Urq2MmadAmgc1puk-YE5Fs/edit?usp=sharing

Source Code : https://github.com/ProgrammerZamanNow/belajar-golang-dasar

#golang #tutorialGolang #golangDasar

--

Let's connect :
Instagram : https://www.instagram.com/programmerzamannow
Telegram : https://t.me/ProgrammerZamanNow
Youtube : https://www.youtube.com/c/ProgrammerZamanNow
Facebook : https://www.facebook.com/khannedy
Twitter : https://twitter.com/khannedy"
"3U0lFi7idxQ","Belajar Go-Lang - 55 Package time","Programmer Zaman Now","2020-08-28","2020-09-30","https://i.ytimg.com/vi/3U0lFi7idxQ/hqdefault.jpg","Halo semuanya, selamat datang di channel Programmer Zaman Now

Di series kali ini, kita akan belajar bahasa pemrograman Go-Lang dasar untuk pemula. Tutorialnya dibuat sedetail mungkin agar bisa dijadikan bahan referensi lengkap untuk teman-teman belajar Go-Lang

Playlist : https://www.youtube.com/playlist?list=PL-CtdCApEFH_t5_dtCQZgWJqWF45WRgZw

Slide : https://docs.google.com/presentation/d/1QNFV9kjV4TfN-FVFLT6-8Urq2MmadAmgc1puk-YE5Fs/edit?usp=sharing

Source Code : https://github.com/ProgrammerZamanNow/belajar-golang-dasar

#golang #tutorialGolang #golangDasar
--- Let's connect :
Instagram : https://www.instagram.com/programmerzamannow
Telegram : https://t.me/ProgrammerZamanNow
Youtube : https://www.youtube.com/c/ProgrammerZamanNow
Facebook : https://www.facebook.com/khannedy
Twitter : https://twitter.com/khannedy"
"0P-LkQO8YXE","Belajar Go-Lang - 56 Package reflect","Programmer Zaman Now","2020-08-28","2020-10-01","https://i.ytimg.com/vi/0P-LkQO8YXE/hqdefault.jpg","Halo semuanya, selamat datang di channel Programmer Zaman Now

Di series kali ini, kita akan belajar bahasa pemrograman Go-Lang dasar untuk pemula. Tutorialnya dibuat sedetail mungkin agar bisa dijadikan bahan referensi lengkap untuk teman-teman belajar Go-Lang

Playlist : https://www.youtube.com/playlist?list=PL-CtdCApEFH_t5_dtCQZgWJqWF45WRgZw

Slide : https://docs.google.com/presentation/d/1QNFV9kjV4TfN-FVFLT6-8Urq2MmadAmgc1puk-YE5Fs/edit?usp=sharing

Source Code : https://github.com/ProgrammerZamanNow/belajar-golang-dasar

#golang #tutorialGolang #golangDasar
--- Let's connect :
Instagram : https://www.instagram.com/programmerzamannow
Telegram : https://t.me/ProgrammerZamanNow
Youtube : https://www.youtube.com/c/ProgrammerZamanNow
Facebook : https://www.facebook.com/khannedy
Twitter : https://twitter.com/khannedy"
"ekPgkPM8W-o","Belajar Go-Lang - 57 Package regexp","Programmer Zaman Now","2020-08-28","2020-10-02","https://i.ytimg.com/vi/ekPgkPM8W-o/hqdefault.jpg","Halo semuanya, selamat datang di channel Programmer Zaman Now

Di series kali ini, kita akan belajar bahasa pemrograman Go-Lang dasar untuk pemula. Tutorialnya dibuat sedetail mungkin agar bisa dijadikan bahan referensi lengkap untuk teman-teman belajar Go-Lang

Playlist : https://www.youtube.com/playlist?list=PL-CtdCApEFH_t5_dtCQZgWJqWF45WRgZw

Slide : https://docs.google.com/presentation/d/1QNFV9kjV4TfN-FVFLT6-8Urq2MmadAmgc1puk-YE5Fs/edit?usp=sharing

Source Code : https://github.com/ProgrammerZamanNow/belajar-golang-dasar

#golang #tutorialGolang #golangDasar
--- Let's connect :
Instagram : https://www.instagram.com/programmerzamannow
Telegram : https://t.me/ProgrammerZamanNow
Youtube : https://www.youtube.com/c/ProgrammerZamanNow
Facebook : https://www.facebook.com/khannedy
Twitter : https://twitter.com/khannedy"
"6IF4eOSohfE","Belajar Go-Lang - 58 Materi Selanjutnya","Programmer Zaman Now","2020-08-28","2020-10-03","https://i.ytimg.com/vi/6IF4eOSohfE/hqdefault.jpg","Halo semuanya, selamat datang di channel Programmer Zaman Now

Di series kali ini, kita akan belajar bahasa pemrograman Go-Lang dasar untuk pemula. Tutorialnya dibuat sedetail mungkin agar bisa dijadikan bahan referensi lengkap untuk teman-teman belajar Go-Lang

Playlist : https://www.youtube.com/playlist?list=PL-CtdCApEFH_t5_dtCQZgWJqWF45WRgZw

Slide : https://docs.google.com/presentation/d/1QNFV9kjV4TfN-FVFLT6-8Urq2MmadAmgc1puk-YE5Fs/edit?usp=sharing

Source Code : https://github.com/ProgrammerZamanNow/belajar-golang-dasar

#golang #tutorialGolang #golangDasar
--- Let's connect :
Instagram : https://www.instagram.com/programmerzamannow
Telegram : https://t.me/ProgrammerZamanNow
Youtube : https://www.youtube.com/c/ProgrammerZamanNow
Facebook : https://www.facebook.com/khannedy
Twitter : https://twitter.com/khannedy"